benchmark,size,work,time_us,status
vectoradd,4096,4096,4.749,ok
vectoradd,16384,16384,5.093,ok
vectoradd,65536,65536,6.765,ok
vectoradd,262144,262144,20.978,ok
relu,4096,4096,4.670,ok
relu,16384,16384,4.806,ok
relu,65536,65536,7.155,ok
relu,131072,131072,9.927,ok
relu,262144,262144,16.792,ok
matrixmult,64,262144,27.852,ok
matrixmult,96,884736,39.382,ok
matrixmult,128,2.09715e+06,51.803,ok
matrixmult,160,4.096e+06,62.014,ok
matrixtranspose,128,16384,5.851,ok
matrixtranspose,256,65536,6.663,ok
matrixtranspose,320,102400,6.565,ok
matrixtranspose,384,147456,7.795,ok
matrixtranspose,448,200704,10.391,ok
matrixtranspose,512,262144,16.989,ok
matrixtranspose,576,331776,23.386,ok
matrixtranspose,640,409600,30.506,ok
bitonicsort,1024,56320,243.923,ok
bitonicsort,2048,135168,293.460,ok
bitonicsort,4096,319488,347.854,ok
bitonicsort,8192,745472,409.971,ok
aes,1024,1024,18.354,ok
aes,2048,2048,18.336,ok
aes,4096,4096,18.314,ok
aes,8192,8192,18.316,ok
fir,2048,2048,7.629,ok
fir,4096,4096,7.658,ok
fir,8192,8192,7.699,ok
fir,16384,16384,8.115,ok
kmeans,1024,1024,29.134,ok
kmeans,2048,2048,29.258,ok
kmeans,4096,4096,29.954,ok
kmeans,6144,6144,29.797,ok
kmeans,8192,8192,39.415,ok
kmeans,16384,16384,63.186,ok
pagerank,128,16384,12.230,ok
pagerank,256,65536,13.560,ok
pagerank,512,262144,19.576,ok
pagerank,1024,1.04858e+06,97.493,ok
nw,64,4096,48.844,ok
nw,128,16384,146.510,ok
nw,192,36864,244.137,ok
nw,256,65536,341.919,ok
